name,ra,dec
LdN-1,247.2144,-16.109431
LdN-2,271.811325,-31.493177
LdN-3,270.80805,-30.998045
LdN-4,255.625455,-22.204227
LdN-5,259.064535,-24.421317
LdN-6,257.25696,-23.229882
LdN-7,262.151745,-26.289897
LdN-8,251.607615,-19.256209
LdN-9,257.50707,-23.228698
LdN-10,269.452155,-30.104619
LdN-11,257.02998,-22.897619
LdN-12,269.55225,-30.1208
LdN-13,256.00044,-22.169131
LdN-14,261.27201,-25.544111
LdN-15,256.10049,-22.16866
LdN-16,259.01244,-24.054893
LdN-17,257.00406,-22.731071
LdN-18,257.255085,-22.896554
LdN-19,262.275285,-26.039299
LdN-20,257.129115,-22.73048
LdN-21,262.274685,-25.9393
LdN-22,251.73096,-18.922305
LdN-23,259.312065,-23.970129
LdN-24,259.38741,-24.019772
LdN-25,263.12646,-26.185202
LdN-26,271.30473,-30.495623
LdN-27,246.95946,-15.110558
LdN-28,259.762725,-24.051314
LdN-29,271.70556,-30.62701
LdN-30,258.256455,-23.058475
LdN-31,252.48219,-19.085507
LdN-32,257.75391,-22.644188
LdN-33,250.347615,-17.428628
LdN-34,267.038595,-28.016306
LdN-35,269.120475,-29.072882
LdN-36,262.17033,-25.206457
LdN-37,260.011875,-23.883455
LdN-38,257.82804,-22.477166
LdN-39,257.903145,-22.493476
LdN-40,269.29551,-29.072032
LdN-41,271.301475,-29.99563
LdN-42,263.273625,-25.701152
LdN-43,248.613855,-15.836479
LdN-44,260.010915,-23.71679
LdN-45,262.771515,-25.370234
LdN-46,258.25365,-22.558481
LdN-47,252.47961,-18.585513
LdN-48,269.54508,-29.00415
LdN-49,270.548295,-29.499283
LdN-50,261.2652,-24.377461
LdN-51,258.152415,-22.342292
LdN-52,263.04651,-25.352243
LdN-53,260.78733,-23.913078
LdN-54,260.88768,-23.962597
LdN-55,260.76216,-23.879865
LdN-56,258.753885,-22.556103
LdN-57,260.66124,-23.730344
LdN-58,262.61883,-24.920962
LdN-59,260.159085,-23.382745
LdN-60,258.00033,-21.976342
LdN-61,262.843875,-24.919878
LdN-62,252.477045,-18.085518
LdN-63,252.477045,-18.085518
LdN-64,265.026045,-26.026026
LdN-65,258.24996,-21.891823
LdN-66,261.01032,-23.545337
LdN-67,258.500055,-21.890635
LdN-68,271.772385,-29.359999
LdN-69,262.013505,-24.040528
LdN-70,261.260415,-23.544138
LdN-71,258.499125,-21.723969
LdN-72,260.00433,-22.550139
LdN-73,262.76469,-24.203582
LdN-74,264.52098,-25.195122
LdN-75,272.046075,-29.158665
LdN-76,264.269955,-25.029667
LdN-77,259.752555,-22.251338
LdN-78,270.28995,-28.183849
LdN-79,258.747885,-21.472782
LdN-80,264.770535,-25.110582
LdN-81,261.257385,-23.010812
LdN-82,266.5263,-26.01876
LdN-83,248.58126,-14.26994
LdN-84,264.016935,-24.530882
LdN-85,261.50745,-23.009612
LdN-86,260.252535,-22.215613
LdN-87,259.65003,-21.801821
LdN-88,260.12658,-22.049547
LdN-89,259.62447,-21.701941
LdN-90,264.89409,-24.859981
LdN-91,260.87916,-22.462617
LdN-92,259.7496,-21.71801
LdN-93,270.687765,-27.831913
LdN-94,259.999965,-21.766816
LdN-95,259.9995,-21.683483
LdN-96,272.04081,-28.325346
LdN-97,271.83987,-28.176318
LdN-98,248.95488,-13.951581
LdN-99,259.747755,-21.384682
LdN-100,258.99477,-20.888267
LdN-101,260.45031,-21.797995
LdN-102,260.62584,-21.88049
LdN-103,260.3748,-21.715021
LdN-104,258.99432,-20.804934
LdN-105,249.10494,-13.950902
LdN-106,249.180015,-13.950562
LdN-107,261.503415,-22.292954
LdN-108,272.540745,-28.322917
LdN-109,264.764685,-24.110596
LdN-110,252.466935,-16.08554
LdN-111,258.79179,-20.355891
LdN-112,261.25101,-21.877493
LdN-113,264.63822,-23.861204
LdN-114,265.014255,-24.026054
LdN-115,253.470285,-16.66423
LdN-116,271.635645,-27.493967
LdN-117,261.250095,-21.710828
LdN-118,253.720815,-16.746397
LdN-119,270.78261,-26.998105
LdN-120,271.61013,-27.410756
LdN-121,249.95565,-14.013707
LdN-122,253.79583,-16.746048
LdN-123,271.91013,-27.409298
LdN-124,273.288555,-27.985947
LdN-125,264.00828,-23.030902
LdN-126,265.764375,-24.022423
LdN-127,272.034495,-27.308695
LdN-128,262.75329,-22.203609
LdN-129,253.74372,-16.329619
LdN-130,266.265435,-24.186663
LdN-131,261.24732,-21.210834
LdN-132,253.71828,-16.246403
LdN-133,269.77653,-26.002979
LdN-134,238.506435,-26.147029
LdN-135,270.52857,-26.332663
LdN-136,262.25034,-21.706022
LdN-137,252.713685,-15.417723
LdN-138,260.99541,-20.878705
LdN-139,259.18851,-19.72066
LdN-140,268.270545,-25.010281
LdN-141,252.71286,-15.251059
LdN-142,265.76148,-23.522429
LdN-143,272.532495,-26.989603
LdN-144,265.13352,-23.025462
LdN-145,248.821815,-12.26883
LdN-146,254.092155,-15.994659
LdN-147,271.02753,-26.163568
LdN-148,251.607105,-14.172815
LdN-149,261.74562,-20.875105
LdN-150,269.27058,-25.005423
LdN-151,271.527495,-26.161139
LdN-152,252.459465,-14.585556
LdN-153,265.006125,-22.609407
LdN-154,265.50762,-22.856983
LdN-155,264.50415,-22.278495
LdN-156,249.32202,-12.266566
LdN-157,272.278965,-26.407492
LdN-158,251.95683,-14.087871
LdN-159,267.137625,-23.682426
LdN-160,266.25966,-23.186677
LdN-161,267.76461,-24.012722
LdN-162,252.28278,-14.253036
LdN-163,252.458235,-14.335559
LdN-164,264.251775,-21.863043
LdN-165,274.032285,-26.982323
LdN-166,270.52158,-25.166012
LdN-167,271.524495,-25.661146
LdN-168,263.246895,-21.034548
LdN-169,238.231575,-21.148105
LdN-170,266.758755,-23.017589
LdN-171,270.77157,-25.164797
LdN-172,264.5004,-21.611838
LdN-173,259.306425,-18.386748
LdN-174,264.7509,-21.69396
LdN-175,259.582215,-18.518767
LdN-176,272.52543,-25.822954
LdN-177,260.7363,-19.213256
LdN-178,262.9941,-20.535759
LdN-179,260.9868,-19.295391
LdN-180,270.76911,-24.748137
LdN-181,277.78818,-28.080839
LdN-182,263.244135,-20.534554
LdN-183,238.55454,-20.646768
LdN-185,262.99272,-20.285762
LdN-186,266.00295,-22.021238
LdN-187,273.02487,-25.737193
LdN-188,268.25985,-23.176972
LdN-189,265.751055,-21.68912
LdN-190,252.07617,-12.920639
LdN-191,251.950335,-12.754552
LdN-192,262.73994,-19.786973
LdN-193,263.99427,-20.530934
LdN-194,273.273345,-25.485983
LdN-195,273.97473,-25.732584
LdN-196,272.520465,-24.989632
LdN-197,273.272445,-25.335986
LdN-198,273.39762,-25.368711
LdN-199,273.7731,-25.450225
LdN-200,272.51949,-24.822968
LdN-201,275.026035,-25.977491
LdN-202,264.618495,-20.36125
LdN-203,273.59643,-25.167743
LdN-204,251.94711,-12.087891
LdN-205,276.52818,-26.386895
LdN-206,262.735875,-19.036983
LdN-207,266.24742,-21.020039
LdN-208,273.26841,-24.652661
LdN-209,264.49074,-19.861861
LdN-210,272.29041,-24.124069
LdN-211,272.390595,-24.156916
LdN-212,272.76651,-24.321761
LdN-213,272.264715,-24.007525
LdN-214,272.264535,-23.974194
LdN-215,269.506065,-22.504242
LdN-216,264.489645,-19.661862
LdN-217,277.02654,-26.134484
LdN-218,268.753035,-21.97456
LdN-219,264.865335,-19.776714
LdN-220,262.73283,-18.470322
LdN-221,272.764575,-23.988432
LdN-222,265.29039,-19.774657
LdN-223,265.189995,-19.708474
LdN-224,272.136735,-23.491474
LdN-225,263.233275,-18.534579
LdN-226,265.13973,-19.658718
LdN-227,272.51268,-23.656316
LdN-228,265.189545,-19.625144
LdN-229,265.038915,-19.509205
LdN-230,272.261535,-23.457534
LdN-231,265.089,-19.525629
LdN-232,271.25796,-22.829068
LdN-233,266.266875,-20.019931
LdN-234,252.19236,-11.086748
LdN-235,266.617845,-20.184898
LdN-236,276.521715,-25.303578
LdN-237,270.25419,-22.167268
LdN-238,248.996625,-22.268161
LdN-239,278.35041,-26.011433
LdN-240,279.277305,-26.373648
LdN-241,272.8857,-23.321168
LdN-242,273.03618,-23.40377
LdN-243,273.010695,-23.320561
LdN-244,252.94341,-11.249942
LdN-245,277.772355,-25.46421
LdN-246,266.239155,-19.520059
LdN-247,276.01743,-24.556005
LdN-248,279.02388,-25.791525
LdN-249,272.505975,-22.489666
LdN-250,275.84004,-24.14019
LdN-251,277.268565,-24.799964
LdN-252,275.789565,-24.057101
LdN-253,280.0245,-25.953392
LdN-254,267.49017,-19.680659
LdN-255,251.985405,-19.754476
LdN-256,273.7587,-22.983592
LdN-257,272.75547,-22.405119
LdN-258,266.23554,-18.853401
LdN-259,276.26409,-23.988136
LdN-260,252.00873,-24.104425
LdN-261,263.9763,-17.197642
LdN-262,270.74763,-20.998188
LdN-263,279.018975,-24.958203
LdN-264,267.235605,-18.848551
LdN-265,274.25577,-22.481174
LdN-266,277.764555,-24.130895
LdN-267,275.884275,-23.139961
LdN-268,275.884275,-23.139961
LdN-269,277.387755,-23.799375
LdN-270,267.232905,-18.348558
LdN-271,272.749365,-21.321802
LdN-272,274.50384,-22.146633
LdN-273,266.10381,-17.604023
LdN-274,272.32236,-20.957203
LdN-275,272.998605,-21.187257
LdN-276,265.977435,-17.354632
LdN-277,266.353215,-17.486145
LdN-278,254.68899,-10.2418
LdN-279,268.233885,-18.510367
LdN-280,254.68818,-10.075135
LdN-281,271.24206,-19.995771
LdN-282,273.247455,-20.986045
LdN-283,264.72027,-16.027365
LdN-284,279.01032,-23.458224
LdN-285,268.983,-18.34006
LdN-286,270.487545,-19.166093
LdN-287,260.705925,-13.379993
LdN-288,269.48391,-18.504295
LdN-289,270.235725,-18.83398
LdN-290,265.72038,-16.022525
LdN-291,274.99722,-20.97756
LdN-292,269.43123,-18.004544
LdN-293,269.48121,-18.004301
LdN-294,278.00403,-22.296383
LdN-295,278.204235,-22.345419
LdN-296,278.128995,-22.295781
LdN-297,281.76213,-23.945059
LdN-298,269.7312,-18.003086
LdN-299,255.22827,-18.072704
LdN-300,282.763545,-24.273634
LdN-301,278.854905,-22.49229
LdN-302,269.379435,-17.671457
LdN-303,271.98657,-18.992141
LdN-304,278.75286,-22.126109
LdN-305,267.47184,-16.264036
LdN-306,275.79522,-20.640358
LdN-307,271.558605,-18.444213
LdN-308,271.683525,-18.426937
LdN-309,277.749435,-21.464265
LdN-310,271.733175,-18.36003
LdN-311,282.384015,-23.442092
LdN-312,267.720525,-16.012826
LdN-313,278.37471,-21.544588
LdN-314,275.241645,-19.976362
LdN-315,274.489035,-19.480002
LdN-316,281.17983,-22.614485
LdN-317,255.2532,-22.739315
LdN-318,269.97501,-16.83522
LdN-319,270.475005,-16.83279
LdN-320,269.97324,-16.50189
LdN-321,282.579435,-22.641154
LdN-322,274.986255,-18.977586
LdN-323,273.88206,-18.182929
LdN-324,260.44089,-10.381224
LdN-325,268.465335,-15.009196
LdN-326,267.46227,-14.430726
LdN-327,274.231425,-18.064566
LdN-328,274.231065,-17.997899
LdN-329,280.1205,-20.869528
LdN-330,267.61149,-14.279999
LdN-331,274.230075,-17.814569
LdN-332,275.231715,-18.143052
LdN-333,272.724885,-16.82186
LdN-334,279.99327,-20.453466
LdN-335,274.780005,-17.811904
LdN-336,274.98042,-17.894266
LdN-337,269.464575,-14.85434
LdN-338,268.96275,-14.506774
LdN-339,269.13819,-14.589256
LdN-340,269.71326,-14.603129
LdN-341,269.838645,-14.669187
LdN-342,275.479035,-17.641848
LdN-343,277.232775,-18.400048
LdN-344,280.490385,-19.951079
LdN-345,268.458435,-13.67588
LdN-346,280.7403,-19.949884
LdN-347,271.967925,-15.492185
LdN-348,272.46876,-15.656421
LdN-349,267.78,-13.012498
LdN-350,276.979635,-17.801263
LdN-351,275.97672,-17.222768
LdN-352,266.449845,-12.018939
LdN-353,278.232045,-18.295232
LdN-354,276.22686,-17.254892
LdN-355,267.953325,-12.67832
LdN-356,277.604085,-17.714916
LdN-357,273.969075,-15.732474
LdN-358,268.202475,-12.510441
LdN-359,275.722815,-16.473987
LdN-360,267.92619,-12.261779
LdN-361,268.000755,-12.178083
LdN-362,277.47603,-17.132192
LdN-363,269.70501,-13.003148
LdN-364,278.72838,-17.626167
LdN-365,280.732245,-18.449903
LdN-367,267.44484,-11.0141
LdN-368,271.33086,-13.161917
LdN-369,281.530665,-18.196087
LdN-370,277.646145,-16.214694
LdN-371,259.47057,-16.302603
LdN-372,277.645365,-16.064695
LdN-373,261.47025,-16.14303
LdN-374,277.46904,-15.798875
LdN-375,272.20497,-12.991001
LdN-376,275.713245,-14.640677
LdN-377,293.07186,-22.39256
LdN-378,279.219555,-15.95712
LdN-379,277.71552,-15.131012
LdN-380,275.70981,-13.974018
LdN-381,279.34365,-15.789855
LdN-382,266.969625,-15.849801
LdN-383,270.694875,-10.998313
LdN-384,270.693615,-10.748316
LdN-385,278.71386,-14.842869
LdN-386,273.199815,-11.986158
LdN-387,259.699035,-12.051459
LdN-388,278.2107,-14.211949
LdN-389,278.21028,-14.128617
LdN-390,278.961825,-14.458339
LdN-391,258.961485,-14.555008
LdN-392,268.46274,-14.509202
LdN-393,266.212635,-14.520121
LdN-394,275.450925,-12.225249
LdN-395,279.70998,-14.12141
LdN-396,278.00565,-13.212924
LdN-397,270.706305,-13.248286
LdN-398,278.206035,-13.295293
LdN-399,276.70203,-12.469202
LdN-400,268.952475,-12.506798
LdN-401,279.533325,-13.78892
LdN-402,277.4532,-12.71558
LdN-403,279.206715,-13.45715
LdN-404,277.45194,-12.465583
LdN-405,275.697105,-11.474048
LdN-406,276.44868,-11.803751
LdN-407,278.704245,-12.959559
LdN-408,272.70495,-12.988573
LdN-409,280.45644,-13.45116
LdN-410,280.70637,-13.449964
LdN-411,276.946935,-11.468007
LdN-412,277.94934,-11.963179
LdN-413,276.645735,-11.219459
LdN-414,276.06888,-10.838909
LdN-415,276.192855,-10.638307
LdN-416,276.317835,-10.637703
LdN-417,276.31767,-10.604369
LdN-418,273.69291,-10.617081
LdN-419,273.192915,-10.619507
LdN-420,276.44115,-10.303769
LdN-421,268.59153,-10.341857
LdN-422,272.94144,-10.320724
LdN-423,276.94068,-10.218022
LdN-424,273.69099,-10.233753
LdN-425,266.74107,-10.267504
LdN-426,272.891025,-10.237635
LdN-427,276.69072,-10.219229
LdN-428,266.94105,-10.266534
LdN-429,274.190955,-10.231328
LdN-430,272.94102,-10.237392
LdN-431,273.44097,-10.234966
LdN-432,269.69109,-10.253181
LdN-433,280.69635,-11.449988
LdN-434,280.69635,-11.449988
LdN-435,278.189295,-9.962
LdN-436,273.689745,-9.983756
LdN-437,275.064615,-9.977091
LdN-438,273.56475,-9.984362
LdN-439,269.939865,-10.001969
LdN-440,274.939635,-9.977697
LdN-441,270.939825,-9.99711
LdN-442,269.43984,-10.004398
LdN-443,278.189295,-9.962
LdN-444,270.689835,-9.998324
LdN-445,279.43914,-9.955992
LdN-446,277.68936,-9.964408
LdN-447,273.93972,-9.982543
LdN-448,279.18918,-9.957192
LdN-449,282.944265,-11.105945
LdN-450,278.1951,-11.128653
LdN-451,275.44545,-11.141929
LdN-452,284.196405,-11.600027
LdN-453,276.19788,-11.638295
LdN-454,277.197735,-11.633466
LdN-455,279.44742,-11.622639
LdN-456,283.193385,-10.938096
LdN-458,284.195595,-11.433362
LdN-459,280.69635,-11.449988
LdN-460,269.69739,-11.503166
LdN-461,272.44734,-11.489805
LdN-462,271.697385,-11.493448
LdN-463,277.94682,-11.463185
LdN-464,283.191735,-10.604766
LdN-466,274.942965,-10.644356
LdN-467,274.76799,-10.645203
LdN-468,270.1932,-10.667413
LdN-469,273.39309,-10.65187
LdN-470,274.692975,-10.645567
LdN-471,274.942965,-10.644356
LdN-472,273.568095,-10.651021
LdN-473,279.44244,-10.622651
LdN-474,282.941805,-10.605951
LdN-475,274.817985,-10.644961
LdN-476,274.692975,-10.645567
LdN-477,274.817985,-10.644961
LdN-478,273.19308,-10.652841
LdN-479,274.817985,-10.644961
LdN-480,281.192145,-10.614277
LdN-481,276.442815,-10.637099
LdN-482,274.817985,-10.644961
LdN-483,274.443015,-10.646778
LdN-484,279.94236,-10.620254
LdN-485,279.19248,-10.623851
LdN-486,271.693185,-10.660125
LdN-487,274.24302,-10.647748
LdN-488,274.19304,-10.64799
LdN-489,277.192725,-10.633478
LdN-490,273.81807,-10.649809
LdN-491,276.942765,-10.634684
LdN-492,273.94305,-10.649202
LdN-493,273.19308,-10.652841
LdN-494,279.267465,-10.623491
LdN-495,279.74238,-10.621213
LdN-496,281.941995,-10.610702
LdN-497,279.81738,-10.620853
LdN-498,280.01733,-10.619895
LdN-499,280.192305,-10.619057
LdN-500,274.19304,-10.64799
LdN-501,274.443015,-10.646778
LdN-502,271.918155,-10.659032
LdN-503,277.31775,-10.632875
LdN-504,274.692975,-10.645567
LdN-505,274.942965,-10.644356
LdN-506,281.941995,-10.610702
LdN-507,273.793065,-10.64993
LdN-508,272.44314,-10.656482
LdN-509,283.44168,-10.603583
LdN-510,273.693075,-10.650415
LdN-511,276.442815,-10.637099
LdN-512,283.316715,-10.604174
LdN-513,272.693115,-10.655268
LdN-514,283.241715,-10.60453
LdN-515,279.44244,-10.622651
LdN-516,282.86679,-10.606307
LdN-517,281.31711,-10.61368
LdN-518,283.316715,-10.604174
LdN-519,273.19308,-10.652841
LdN-520,275.442945,-10.641935
LdN-521,283.14174,-10.605003
LdN-522,282.941805,-10.605951
LdN-523,282.31692,-10.608919
LdN-524,281.44209,-10.613084
LdN-525,279.692385,-10.621452
LdN-526,276.692805,-10.635891
LdN-527,281.64204,-10.612131
LdN-528,281.817015,-10.611297
LdN-529,281.44209,-10.613084
LdN-530,282.441885,-10.608325
LdN-531,286.540935,-10.589012
LdN-532,281.817015,-10.611297
LdN-533,275.94288,-10.639516
LdN-534,283.191735,-10.604766
LdN-535,279.31746,-10.623251
LdN-536,278.69253,-10.626253
LdN-537,275.69292,-10.640725
LdN-538,279.19248,-10.623851
LdN-539,276.04287,-10.639032
LdN-540,286.540935,-10.589012
LdN-541,279.117465,-10.624211
LdN-542,285.441225,-10.594158
LdN-543,286.690905,-10.588312
LdN-544,285.41622,-10.594275
LdN-545,284.216505,-10.599921
LdN-546,284.41647,-10.598978
LdN-547,282.69183,-10.607137
LdN-548,282.441885,-10.608325
LdN-549,285.56619,-10.593572
LdN-550,286.940835,-10.587147
LdN-551,284.49144,-10.598624
LdN-552,286.116045,-10.590997
LdN-553,285.816105,-10.592401
LdN-554,287.040795,-10.586682
LdN-555,280.41726,-10.61798
LdN-556,284.816385,-10.597094
LdN-557,279.692385,-10.621452
LdN-558,279.44244,-10.622651
LdN-559,278.19261,-10.628659
LdN-560,280.442265,-10.61786
LdN-561,284.441445,-10.59886
LdN-562,285.691155,-10.592986
LdN-563,279.94236,-10.620254
LdN-564,279.44244,-10.622651
LdN-565,283.941555,-10.601219
LdN-566,282.69183,-10.607137
LdN-567,286.06605,-10.591231
LdN-568,284.891355,-10.596742
LdN-569,274.633425,1.520959
LdN-570,276.633435,1.530634
LdN-571,277.64067,0.035476
LdN-572,277.64067,0.035476
LdN-573,277.14066,0.033065
LdN-574,286.76559,0.078819
LdN-575,277.015665,0.032462
LdN-576,277.86567,0.03656
LdN-577,286.39056,0.07707
LdN-578,277.79067,0.036199
LdN-579,283.8906,0.065327
LdN-580,287.140575,0.080565
LdN-581,286.840575,0.079169
LdN-582,283.140615,0.061779
LdN-583,278.39346,-0.544239
LdN-584,284.14335,-0.516819
LdN-585,275.88102,2.027004
LdN-586,279.76566,0.045691
LdN-587,279.890655,0.04629
LdN-588,279.01563,0.042092
LdN-589,283.140615,0.061779
LdN-590,286.640595,0.078236
LdN-591,279.14067,0.042692
LdN-592,277.131,2.033042
LdN-593,279.88107,2.046267
LdN-594,285.13119,2.071193
LdN-595,296.38176,2.122334
LdN-596,282.041415,-0.110109
LdN-597,282.69069,0.042978
LdN-598,281.69382,-0.611769
LdN-599,282.89103,-0.022738
LdN-600,277.627005,2.868777
LdN-601,281.694225,-0.695101
LdN-602,282.894195,-0.689397
LdN-603,281.594595,-0.77891
LdN-604,282.89142,-0.106071
LdN-605,281.694615,-0.778433
LdN-606,282.894585,-0.772729
LdN-607,282.01959,-0.776886
LdN-608,282.894585,-0.772729
LdN-609,282.894585,-0.772729
LdN-610,282.394575,-0.775103
LdN-611,283.919535,-0.767878
LdN-612,283.99452,-0.767524
LdN-613,284.194545,-0.76658
LdN-614,284.194545,-0.76658
LdN-615,289.89435,-0.740066
LdN-616,281.881095,2.05582
LdN-617,284.38587,1.067675
LdN-618,288.885945,1.088655
LdN-619,289.51095,1.091528
LdN-620,290.135955,1.094391
LdN-621,281.87553,3.222474
LdN-622,287.875875,3.250679
LdN-623,298.626915,3.298714
LdN-624,286.383555,1.577053
LdN-625,286.633605,1.57822
LdN-626,286.633215,1.661552
LdN-627,288.519045,-0.663055
LdN-628,284.6247,3.435493
LdN-629,289.385955,1.090955
LdN-630,279.736785,6.045622
LdN-631,288.12897,2.585176
LdN-632,290.13366,1.594386
LdN-633,280.231965,7.048005
LdN-634,280.354545,7.548598
LdN-635,287.371725,4.131683
LdN-636,286.619175,4.661519
LdN-637,280.351305,8.215257
LdN-638,282.606,7.309325
LdN-639,288.11736,5.085149
LdN-640,290.622285,4.096641
LdN-641,289.1175,5.089762
LdN-642,289.86759,5.093204
LdN-643,291.01899,4.831787
LdN-644,289.860645,6.593188
LdN-645,289.857165,7.34318
LdN-646,288.60342,8.087426
LdN-647,289.98141,7.510417
LdN-648,279.828945,12.712809
LdN-649,288.10053,8.668442
LdN-650,279.952275,13.046737
LdN-651,289.85367,8.093172
LdN-652,289.602045,8.425355
LdN-653,280.577385,13.049728
LdN-654,292.35885,7.104538
LdN-655,290.07663,8.544196
LdN-656,290.327085,8.462007
LdN-657,290.350065,8.895449
LdN-658,290.224065,9.094876
LdN-659,280.32228,14.048521
LdN-660,279.319545,14.543723
LdN-661,290.44914,9.095903
LdN-662,284.331525,12.400879
LdN-663,294.232245,7.562921
LdN-664,290.22093,9.761536
LdN-665,279.94296,14.880048
LdN-666,280.19214,15.04791
LdN-667,286.33368,12.076935
LdN-668,295.858515,7.370094
LdN-669,285.57981,12.823417
LdN-670,295.60734,7.618994
LdN-671,294.353265,8.446799
LdN-672,296.8599,7.124462
LdN-673,290.21385,11.261519
LdN-674,292.093365,10.436708
LdN-675,290.98992,11.098386
LdN-676,290.38773,11.512315
LdN-677,290.587575,11.563226
LdN-678,296.103045,8.621176
LdN-679,288.331035,12.752886
LdN-680,296.17797,8.63817
LdN-681,296.102295,8.787842
LdN-682,292.21611,10.937267
LdN-683,290.335755,11.928749
LdN-684,290.45841,12.429313
LdN-685,292.46385,11.438387
LdN-686,290.83353,12.431022
LdN-687,294.6444,10.414776
LdN-688,294.69411,10.481663
LdN-689,295.095165,10.283433
LdN-690,295.16994,10.333762
LdN-691,292.336455,11.937819
LdN-692,290.58105,12.929878
LdN-693,287.572215,14.499393
LdN-694,295.167135,10.950422
LdN-695,296.094795,10.454491
LdN-696,292.33332,12.604479
LdN-697,285.563565,16.073379
LdN-698,291.53061,13.10086
LdN-699,292.332525,12.771144
LdN-700,295.31583,11.25108
LdN-701,293.73543,12.277424
LdN-702,294.11058,12.279093
LdN-703,296.893365,10.841308
LdN-704,291.70248,13.768311
LdN-705,294.209865,12.446202
LdN-706,275.030085,21.756467
LdN-707,297.165705,11.459162
LdN-708,285.5559,17.573361
LdN-709,288.563085,16.420665
LdN-710,285.553305,18.073355
LdN-711,285.553305,18.073355
LdN-712,284.800425,18.569826
LdN-713,288.05949,17.085013
LdN-714,288.055245,17.918337
LdN-715,286.298415,19.076852
LdN-716,290.810805,17.097636
LdN-717,289.055325,18.006282
LdN-718,288.051825,18.584995
LdN-719,285.794685,19.741171
LdN-720,294.320775,15.446725
LdN-721,292.813935,16.690016
LdN-722,291.05427,18.432091
LdN-723,289.549335,19.225232
LdN-724,288.04404,20.084976
LdN-725,292.05615,18.169957
LdN-726,296.56968,15.956616
LdN-727,292.80612,18.27333
LdN-728,287.288355,21.081486
LdN-729,295.08741,17.283467
LdN-730,290.046015,19.927515
LdN-731,294.56046,17.614476
LdN-732,289.91964,20.17694
LdN-733,296.063835,17.121087
LdN-734,287.032845,22.080311
LdN-735,290.543745,20.429792
LdN-736,288.5364,21.587268
LdN-737,295.05753,18.283345
LdN-738,290.290995,20.928645
LdN-739,291.043185,20.598731
LdN-740,292.04637,20.103266
LdN-741,290.290125,21.095309
LdN-742,293.29974,19.608889
LdN-743,294.603945,18.948017
LdN-744,289.86309,21.426695
LdN-745,297.06129,17.792103
LdN-746,290.539215,21.296448
LdN-747,295.304835,18.867775
LdN-748,291.290745,21.09986
LdN-749,288.782085,22.421745
LdN-750,289.53432,22.091864
LdN-751,290.26167,21.745187
LdN-752,294.726165,19.531895
LdN-753,297.05889,18.292098
LdN-754,296.80671,18.707676
LdN-755,291.78933,21.435455
LdN-756,291.914415,21.43602
LdN-757,295.551555,19.568868
LdN-758,296.68041,18.957129
LdN-759,287.52216,24.082608
LdN-760,292.53771,21.855498
LdN-761,294.04269,21.112217
LdN-762,289.978815,23.177246
LdN-763,289.652235,23.425754
LdN-764,289.77732,23.426327
LdN-765,296.0484,20.287718
LdN-766,297.302625,19.626501
LdN-767,291.281955,22.766506
LdN-768,292.03338,22.603236
LdN-769,291.03,23.098701
LdN-770,293.03676,22.10774
LdN-771,290.17704,23.528154
LdN-772,291.28017,23.099836
LdN-773,290.62791,23.43021
LdN-774,290.727975,23.430666
LdN-775,290.90313,23.431462
LdN-776,293.787315,22.111092
LdN-777,288.016875,25.084912
LdN-778,291.777405,23.685427
LdN-779,292.52979,23.35548
LdN-780,288.51537,25.420553
LdN-781,292.02714,23.769888
LdN-782,292.02624,23.936553
LdN-783,291.775155,24.102088
LdN-784,292.275585,24.104345
LdN-785,293.526585,24.109952
LdN-786,292.899285,24.440485
LdN-787,298.29114,22.130784
LdN-788,293.3979,24.776052
LdN-789,297.4077,23.626997
LdN-790,293.76822,25.694382
LdN-791,297.405975,23.960327
LdN-792,294.26871,25.696606
LdN-793,294.89565,25.449378
LdN-794,294.263655,26.613261
LdN-795,294.263655,26.613261
LdN-796,296.016795,26.37098
LdN-797,301.412595,23.477311
LdN-798,296.768925,26.124256
LdN-799,295.63818,26.952663
LdN-800,296.014515,26.787641
LdN-801,300.857865,24.308339
LdN-802,299.928435,24.971111
LdN-803,295.586295,27.285771
LdN-804,295.71162,27.252987
LdN-805,300.40509,24.756448
LdN-806,296.087745,27.121299
LdN-807,295.91118,27.37053
LdN-808,296.26203,27.288728
LdN-809,301.028835,25.142396
LdN-810,296.258325,27.955388
LdN-811,295.001715,28.866552
LdN-812,296.25504,28.538712
LdN-813,295.751115,29.11985
LdN-814,301.020675,26.725712
LdN-815,296.752305,29.124219
LdN-816,293.99085,30.528764
LdN-817,295.244745,30.117638
LdN-818,304.27782,26.155724
LdN-819,296.99541,30.375289
LdN-820,296.241045,30.955349
LdN-821,294.279465,32.446736
LdN-822,296.734695,32.124179
LdN-823,302.25405,30.147526
LdN-824,304.01073,29.40468
LdN-825,297.98037,33.129574
LdN-826,297.22668,33.542998
LdN-827,304.509885,29.70669
LdN-828,297.72744,33.54516
LdN-829,298.30389,33.447632
LdN-830,297.97635,33.779567
LdN-831,298.477515,33.715045
LdN-832,298.72758,33.766117
LdN-833,298.72737,33.799449
LdN-834,298.473255,34.398369
LdN-835,298.34628,34.681163
LdN-836,298.34607,34.714495
LdN-837,305.98158,30.779222
LdN-838,306.00663,30.77932
LdN-839,299.97729,34.138086
LdN-840,298.56876,35.132121
LdN-841,302.73783,33.149545
LdN-842,304.998285,31.992003
LdN-843,305.173965,31.926034
LdN-844,307.609965,30.668904
LdN-845,301.25307,34.360098
LdN-846,310.522545,29.179906
LdN-847,300.471915,35.140178
LdN-848,301.325145,34.860404
LdN-849,301.14828,35.109671
LdN-850,302.98236,34.150556
LdN-851,307.579635,31.668796
LdN-852,301.47366,35.144358
LdN-853,301.723575,35.228726
LdN-854,299.462175,36.385939
LdN-855,299.637495,36.386681
LdN-856,302.04945,35.180073
LdN-857,300.465555,36.140164
LdN-858,302.777205,34.949726
LdN-859,307.851585,32.336518
LdN-860,301.217415,36.059972
LdN-861,300.110835,36.772018
LdN-862,301.712475,36.978702
LdN-863,301.937025,37.112967
LdN-864,310.507515,32.179876
LdN-865,301.055985,37.775989
LdN-866,301.78236,37.779005
LdN-867,299.97246,38.721459
LdN-868,311.76,32.184472
LdN-869,299.94216,39.471342
LdN-870,309.23877,35.175161
LdN-871,301.442865,39.810959
LdN-872,300.436005,40.473432
LdN-873,310.24092,35.178914
LdN-874,310.491465,35.179844
LdN-875,301.942725,39.979694
LdN-876,302.319105,39.897912
LdN-877,303.571845,39.903026
LdN-878,302.188425,40.664051
LdN-879,305.20443,39.326241
LdN-880,303.44367,40.31918
LdN-881,304.449345,39.823232
LdN-882,304.826325,39.658071
LdN-883,304.951605,39.658571
LdN-884,301.43085,41.477597
LdN-885,302.31021,41.147893
LdN-886,304.69878,39.990897
LdN-887,300.922185,42.475496
LdN-888,304.694205,40.657556
LdN-889,306.201165,40.163522
LdN-890,300.91896,42.892157
LdN-891,303.431745,41.985819
LdN-892,303.93414,41.821186
LdN-893,303.179265,42.234796
LdN-894,303.93354,41.904516
LdN-895,303.928005,42.654505
LdN-896,310.46499,39.679792
LdN-897,306.187305,42.163494
LdN-898,310.46394,39.846458
LdN-899,305.93307,42.662501
LdN-900,306.183105,42.746817
LdN-901,305.376705,43.326979
LdN-902,305.426835,43.327178
LdN-903,302.154645,45.063981
LdN-904,313.22529,39.189798
LdN-905,302.40321,45.315007
LdN-906,309.1953,42.175075
LdN-907,311.308815,41.016244
LdN-908,304.911255,45.158487
LdN-909,304.911255,45.158487
LdN-910,304.90992,45.325152
LdN-911,310.192935,42.92882
LdN-912,316.98846,38.702731
LdN-913,306.06318,45.329719
LdN-914,312.95925,41.688878
LdN-915,311.345145,43.099737
LdN-916,314.46675,41.194178
LdN-917,310.05894,44.145003
LdN-918,310.234845,44.095658
LdN-919,308.169705,45.287885
LdN-920,308.169315,45.337888
LdN-921,308.295225,45.271698
LdN-922,309.67953,44.593593
LdN-923,308.6721,45.173134
LdN-925,308.420085,45.338845
LdN-926,308.84649,45.323799
LdN-927,315.97185,41.099343
LdN-928,310.256295,44.595744
LdN-929,308.921625,45.34075
LdN-930,309.22251,45.341886
LdN-931,311.94177,43.851915
LdN-932,316.4688,41.867691
LdN-933,313.1934,44.189738
LdN-934,316.7682,42.118695
LdN-935,314.19888,43.859941
LdN-936,312.935565,45.188833
LdN-937,317.46843,42.454351
LdN-938,317.2161,42.703521
LdN-939,307.77,48.169731
LdN-940,313.434345,45.59061
LdN-941,314.185215,45.826583
LdN-942,319.09434,43.209629
LdN-943,319.16847,43.393201
LdN-944,319.41996,43.293997
LdN-945,314.43099,46.527444
LdN-946,319.745085,43.461694
LdN-947,319.99683,43.312481
LdN-948,320.172855,43.246366
LdN-949,319.845015,43.528675
LdN-950,315.132915,46.613206
LdN-951,320.2728,43.313343
LdN-952,320.121375,43.462874
LdN-953,320.34768,43.380247
LdN-954,315.429735,47.197561
LdN-955,314.420955,47.860762
LdN-956,317.897535,45.972458
LdN-957,315.174435,47.780027
LdN-958,314.74527,48.111889
LdN-959,317.94384,46.539281
LdN-960,317.13636,47.169969
LdN-961,317.21118,47.236883
LdN-962,315.4209,48.364214
LdN-963,318.445755,46.540911
LdN-964,317.38587,47.370797
LdN-965,319.955865,45.879046
LdN-966,315.039195,49.029578
LdN-967,317.56011,47.571369
LdN-968,320.63556,45.547822
LdN-969,323.48277,43.589671
LdN-970,318.18897,47.373424
LdN-971,315.21264,49.31351
LdN-972,320.330715,46.130218
LdN-973,324.363,43.225532
LdN-974,319.82547,46.628644
LdN-975,317.934405,47.872601
LdN-976,321.03414,46.01572
LdN-977,324.73938,43.226596
LdN-978,315.284805,49.697097
LdN-979,324.864135,43.360283
LdN-980,321.20856,46.216256
LdN-981,314.904135,50.195797
LdN-982,315.60936,49.914875
LdN-983,323.09799,45.055228
LdN-984,315.406185,50.197519
LdN-985,314.775375,50.578693
LdN-986,323.097015,45.221894
LdN-987,315.2013,50.680159
LdN-988,316.159275,50.200074
LdN-989,320.4468,47.547256
LdN-990,314.71908,51.278505
LdN-991,315.57615,50.881442
LdN-992,313.632705,52.024728
LdN-993,321.652605,47.417616
LdN-994,321.50043,47.650491
LdN-995,321.67704,47.517689
LdN-996,314.38668,51.944031
LdN-997,321.650835,47.68428
LdN-998,316.02534,51.199636
LdN-999,316.908345,50.702588
LdN-1000,316.65588,50.868417
LdN-1001,321.82653,47.68481
LdN-1002,314.128605,52.693144
LdN-1003,314.88504,52.36243
LdN-1004,315.387255,52.364153
LdN-1005,318.414885,50.707525
LdN-1006,322.829985,47.804464
LdN-1007,321.316215,48.883277
LdN-1008,321.691665,49.051081
LdN-1009,323.457105,47.889633
LdN-1010,324.717645,47.059894
LdN-1011,316.64289,52.368394
LdN-1012,323.53104,48.106516
LdN-1013,315.12675,53.363277
LdN-1014,321.006825,49.999009
LdN-1015,315.12513,53.529938
LdN-1016,319.9443,51.012394
LdN-1017,321.332055,50.166671
LdN-1018,316.13214,53.283358
LdN-1019,320.246205,50.946671
LdN-1020,325.72089,47.229354
LdN-1021,320.39625,51.03047
LdN-1022,317.39184,52.870885
LdN-1023,314.614515,54.361528
LdN-1024,325.568475,47.528936
LdN-1026,315.371385,54.030789
LdN-1027,316.633725,53.368378
LdN-1028,316.380975,53.534199
LdN-1029,315.369735,54.197454
LdN-1030,326.6256,47.098474
LdN-1031,326.474175,47.231403
LdN-1032,315.87294,54.115832
LdN-1033,309.307245,57.175749
LdN-1034,316.376175,54.034191
LdN-1035,326.169885,47.730584
LdN-1036,309.558435,57.176691
LdN-1037,313.59828,55.441333
LdN-1038,311.57823,56.350793
LdN-1039,310.567365,56.847102
LdN-1040,326.647005,47.731871
LdN-1041,309.55416,57.510015
LdN-1042,327.301815,47.400278
LdN-1043,324.955065,49.227246
LdN-1044,310.309905,57.346161
LdN-1045,327.09948,47.649745
LdN-1046,325.837305,48.729684
LdN-1047,327.022875,47.86621
LdN-1048,323.81724,50.340693
LdN-1049,310.558995,57.51375
LdN-1050,316.367895,54.867512
LdN-1051,310.68465,57.514213
LdN-1052,326.97105,48.132741
LdN-1053,314.851695,55.695703
LdN-1054,323.688915,50.723662
LdN-1055,328.30737,47.202889
LdN-1056,314.5968,56.028161
LdN-1057,325.95756,49.563352
LdN-1058,315.601845,56.031609
LdN-1059,325.19613,50.727932
LdN-1060,317.871255,55.289157
LdN-1061,314.581485,57.361469
LdN-1062,318.37137,55.540784
LdN-1063,316.854735,56.369163
LdN-1064,318.37053,55.624118
LdN-1065,316.85292,56.535824
LdN-1066,326.9547,50.732715
LdN-1067,317.35377,56.704152
LdN-1068,316.569945,57.118227
LdN-1069,317.1006,56.869987
LdN-1070,326.70123,51.065374
LdN-1071,314.571345,58.194783
LdN-1072,319.118565,56.209858
LdN-1073,327.075855,51.39971
LdN-1074,323.66445,53.890292
LdN-1075,322.9062,54.388091
LdN-1076,312.336975,59.853613
LdN-1077,324.419835,53.725781
LdN-1078,324.165765,54.058395
LdN-1079,323.154645,54.722154
LdN-1080,320.372085,56.547134
LdN-1081,324.16299,54.391727
LdN-1082,312.78477,60.188555
LdN-1083,323.394795,55.972868
LdN-1084,325.41573,54.895249
LdN-1085,323.387385,56.75619
LdN-1086,322.12197,57.552475
LdN-1087,323.892285,56.557643
LdN-1088,324.649785,56.226459
LdN-1089,308.202975,63.505085
LdN-1090,323.890695,56.724309
LdN-1091,330.207345,52.907667
LdN-1092,324.39129,56.975739
LdN-1093,323.378655,57.639512
LdN-1094,308.19324,64.005067
LdN-1095,325.654935,56.312588
LdN-1096,322.871295,58.054701
LdN-1097,326.66598,55.731991
LdN-1098,323.630175,57.64024
LdN-1099,324.13575,57.391686
LdN-1100,308.696325,64.006977
LdN-1101,324.894315,56.977155
LdN-1102,323.12283,58.055437
LdN-1103,325.42482,56.728627
LdN-1104,325.525425,56.728905
LdN-1105,324.28503,57.558777
LdN-1106,325.649655,56.895916
LdN-1107,329.190525,54.488509
LdN-1108,321.596745,59.55093
LdN-1109,327.922755,55.818631
LdN-1110,324.885465,57.89381
LdN-1111,324.885465,57.89381
LdN-1112,324.632235,58.059765
LdN-1113,326.149995,57.197284
LdN-1114,327.41481,56.40065
LdN-1115,326.655075,56.981975
LdN-1116,324.123915,58.558332
LdN-1117,324.6297,58.309762
LdN-1118,326.65296,57.215306
LdN-1119,318.29724,61.707328
LdN-1120,326.905125,57.149312
LdN-1121,325.13322,58.277837
LdN-1122,308.165445,65.338345
LdN-1123,324.879585,58.477133
LdN-1124,325.385325,58.228537
LdN-1125,318.674745,61.708543
LdN-1126,324.87873,58.560464
LdN-1127,325.23099,58.561446
LdN-1128,325.381965,58.561864
LdN-1129,326.6466,57.898631
LdN-1130,326.13936,58.313934
LdN-1131,324.993975,59.5608
LdN-1132,326.638515,58.731952
LdN-1133,330.686385,56.242177
LdN-1134,325.36419,60.228506
LdN-1135,324.85593,60.643767
LdN-1136,326.3739,59.981258
LdN-1137,327.893655,59.068591
LdN-1138,327.893655,59.068591
LdN-1139,328.90521,58.571166
LdN-1140,325.10478,60.894465
LdN-1141,328.903665,58.737831
LdN-1142,329.152245,59.07179
LdN-1143,329.40474,58.989085
LdN-1144,327.63129,60.117926
LdN-1145,322.814865,62.721283
LdN-1146,322.814865,62.721283
LdN-1147,310.132605,67.345824
LdN-1148,310.132605,67.345824
LdN-1149,329.403495,59.122419
LdN-1150,333.958935,55.999589
LdN-1151,329.907465,59.073655
LdN-1152,308.604165,68.006805
LdN-1153,330.15999,58.990936
LdN-1154,334.20906,56.216791
LdN-1155,310.879905,67.681928
LdN-1156,334.967025,55.751709
LdN-1157,309.86358,68.011529
LdN-1158,311.13183,67.682848
LdN-1159,331.67412,58.57785
LdN-1160,331.16697,58.99334
LdN-1161,334.964505,56.135041
LdN-1162,320.007165,65.046174
LdN-1163,335.21595,56.168892
LdN-1164,331.669065,59.16118
LdN-1165,331.79568,59.078135
LdN-1166,331.413555,59.577254
LdN-1167,315.935415,67.033023
LdN-1168,314.157675,67.610288
LdN-1169,331.789755,59.744796
LdN-1170,315.41799,67.614621
LdN-1171,313.38369,68.324279
LdN-1172,315.668145,67.698809
LdN-1173,316.172385,67.700509
LdN-1174,315.65613,68.198789
LdN-1175,333.41787,60.748456
LdN-1176,322.750095,66.721186
LdN-1177,319.690665,68.26195
LdN-1178,332.268405,62.329248
LdN-1179,336.832395,59.038782
LdN-1180,336.704895,59.255205
LdN-1181,325.53513,66.145749
LdN-1182,333.2808,61.914835
LdN-1183,325.533735,66.229083
LdN-1184,335.181495,60.752185
LdN-1185,337.33578,59.089739
LdN-1186,333.404655,62.131775
LdN-1187,339.488055,57.26027
LdN-1188,334.16448,61.750072
LdN-1189,339.73983,57.260699
LdN-1190,337.71324,59.140447
LdN-1191,333.527835,62.415379
LdN-1192,338.47254,58.591826
LdN-1193,333.653865,62.415652
LdN-1194,338.217315,59.091368
LdN-1195,336.689175,61.255188
LdN-1196,336.689175,61.255188
LdN-1197,339.477825,58.926928
LdN-1198,339.222645,59.42649
LdN-1199,323.975205,68.558118
LdN-1200,341.493945,58.763557
LdN-1201,335.91228,63.503683
LdN-1202,336.672915,63.088503
LdN-1203,336.925875,63.005656
LdN-1204,336.67134,63.255169
LdN-1205,341.483805,60.430215
LdN-1206,337.16442,64.422786
LdN-1207,337.416735,64.423261
LdN-1208,337.66908,64.423731
LdN-1209,337.413345,64.756593
LdN-1210,341.22042,62.096474
LdN-1211,341.724165,62.180594
LdN-1212,341.97609,62.214312
LdN-1213,337.911195,65.424186
LdN-1214,338.4126,65.758435
LdN-1215,342.98565,62.099131
LdN-1216,342.984555,62.265799
LdN-1217,333.283185,70.748302
LdN-1218,345.5067,62.26916
LdN-1219,332.898375,70.997463
LdN-1220,346.013415,61.853105
LdN-1221,337.10841,69.006066
LdN-1222,346.266045,61.77007
LdN-1223,344.23239,64.267533
LdN-1224,346.00248,63.769765
LdN-1225,348.032205,61.60534
LdN-1226,347.52462,62.271478
LdN-1227,347.52438,62.321477
LdN-1228,314.75613,77.529731
LdN-1229,348.53493,61.98918
LdN-1230,348.53478,62.022513
LdN-1231,349.54671,61.273465
LdN-1232,349.29252,61.773234
LdN-1233,349.113555,62.339734
LdN-1234,349.289865,62.406567
LdN-1235,333.728685,73.415994
LdN-1236,343.1805,68.932777
LdN-1237,350.65143,62.607741
LdN-1238,353.08107,59.776128
LdN-1239,348.084315,66.072072
LdN-1240,347.753475,66.438393
LdN-1241,327.512295,76.734755
LdN-1242,337.79169,73.257408
LdN-1243,332.655345,75.330387
LdN-1244,351.306825,62.774921
LdN-1245,353.078595,60.776127
LdN-1246,351.303735,63.608251
LdN-1247,335.199525,75.252452
LdN-1248,353.07459,62.276124
LdN-1249,356.107065,58.944251
LdN-1250,350.52909,67.274315
LdN-1251,339.01308,75.259629
LdN-1252,356.352855,63.277664
LdN-1253,359.13135,58.528269
LdN-1254,359.131245,58.778269
LdN-1255,358.374135,60.528168
LdN-1256,358.87866,60.02824
LdN-1257,359.382975,59.661626
LdN-1258,359.761125,59.611646
LdN-1259,350.72889,74.274493
LdN-1260,359.25474,64.944939
LdN-1261,351.74589,74.27526
LdN-1262,351.74589,74.27526
LdN-1263,359.381085,64.844952
LdN-1264,358.11417,68.278117
LdN-1265,2.407305,58.861477
LdN-1266,359.379915,67.278284
LdN-1267,0.138675,66.77832
LdN-1268,359.8857,67.444977
LdN-1269,0.13863,67.161651
LdN-1270,0.391515,67.161652
LdN-1271,0.39153,67.278321
LdN-1272,0.644415,67.278316
LdN-1273,0.644655,68.528315
LdN-1274,359.377635,70.944945
LdN-1275,1.656135,67.44491
LdN-1276,3.16878,64.027982
LdN-1277,3.42126,64.027919
LdN-1278,3.92598,63.861109
LdN-1279,4.430745,63.777614
LdN-1280,4.93353,62.660765
LdN-1281,4.683525,63.944192
LdN-1282,5.436465,61.777225
LdN-1283,5.68857,61.710449
LdN-1284,5.439315,63.193892
LdN-1285,6.196485,63.193542
LdN-1286,8.707455,58.942041
LdN-1287,8.97357,63.441852
LdN-1288,9.48963,66.108138
LdN-1289,322.84275,88.395371
LdN-1290,10.47876,61.107331
LdN-1291,10.55787,62.023932
LdN-1292,325.118385,88.568496
LdN-1293,10.48653,63.107326
LdN-1294,10.584075,62.27391
LdN-1295,11.208495,52.440022
LdN-1296,11.20932,52.773353
LdN-1297,10.73748,62.773778
LdN-1298,10.857,61.107004
LdN-1299,11.26761,55.739967
LdN-1300,10.98435,61.440227
LdN-1301,10.938,62.456935
LdN-1302,10.986,61.85689
LdN-1303,10.74885,65.27377
LdN-1304,10.77591,69.773755
LdN-1305,15.820425,67.768312
LdN-1306,15.78039,62.268342
LdN-1307,16.305225,65.267668
LdN-1308,18.417915,72.931418
LdN-1309,16.78926,62.267006
LdN-1310,16.772055,59.26702
LdN-1311,171.14751,84.725443
LdN-1312,18.553515,62.097803
LdN-1313,19.054965,61.680372
LdN-1314,19.305345,61.429981
LdN-1315,20.074185,63.095425
LdN-1316,19.80957,61.42918
LdN-1317,20.77062,61.844265
LdN-1319,20.8167,61.260852
LdN-1320,63.807,85.631112
LdN-1321,159.182655,84.241323
LdN-1322,21.068775,61.260425
LdN-1323,21.322095,61.426659
LdN-1324,21.575445,61.592884
LdN-1325,22.47039,63.091299
LdN-1326,22.672155,63.090931
LdN-1327,23.6289,65.422496
LdN-1328,24.66117,67.253847
LdN-1329,23.879475,65.255351
LdN-1330,24.131895,65.254863
LdN-1331,24.628455,64.503882
LdN-1332,25.612695,62.05187
LdN-1333,36.51528,75.475493
LdN-1334,25.863825,61.951352
LdN-1335,27.928395,66.080286
LdN-1336,28.442655,66.745804
LdN-1337,26.3676,61.916962
LdN-1338,28.644255,62.711958
LdN-1339,28.642095,62.511959
LdN-1340,37.68441,72.955329
LdN-1341,28.94655,62.694597
LdN-1343,29.01909,62.411093
LdN-1345,29.273685,62.643838
LdN-1346,29.273505,62.627172
LdN-1347,29.522235,62.326583
LdN-1348,29.649165,62.409621
LdN-1349,33.48294,66.233438
LdN-1350,32.379765,60.986216
LdN-1351,32.680155,60.818774
LdN-1352,38.80233,67.38515
LdN-1353,41.090865,68.211488
LdN-1354,34.93215,61.729464
LdN-1355,43.17993,69.038152
LdN-1356,35.687685,61.727375
LdN-1357,43.12524,68.871652
LdN-1358,43.89516,69.369136
LdN-1359,36.44745,62.058572
LdN-1360,36.68871,61.224537
LdN-1361,37.07163,61.640112
LdN-1362,36.9405,61.223815
LdN-1363,36.93843,61.05715
LdN-1364,37.44825,61.555683
LdN-1365,37.18713,60.806428
LdN-1366,38.205765,61.72013
LdN-1367,37.948605,61.304214
LdN-1368,38.201415,61.386804
LdN-1369,38.453175,61.386057
LdN-1370,37.938225,60.470898
LdN-1371,38.6964,60.71865
LdN-1372,39.46011,61.383023
LdN-1373,39.45792,61.216359
LdN-1374,38.669145,58.385361
LdN-1375,41.215245,60.877568
LdN-1376,40.959225,60.545032
LdN-1377,48.764145,61.018633
LdN-1378,48.728715,60.335413
LdN-1379,48.87981,60.351533
LdN-1380,48.92715,60.151355
LdN-1381,49.12923,60.217289
LdN-1382,49.25274,60.066838
LdN-1383,49.50459,60.099253
LdN-1384,50.006115,60.014074
LdN-1385,50.254515,59.813155
LdN-1386,50.55417,59.678706
LdN-1387,59.117775,56.061587
LdN-1388,60.759015,56.804755
LdN-1389,61.13679,56.903163
LdN-1390,62.241615,55.131752
LdN-1391,59.45799,53.143435
LdN-1392,63.49563,55.126364
LdN-1393,63.24048,54.794124
LdN-1394,64.250175,55.289765
LdN-1395,63.48273,54.126392
LdN-1396,65.25093,55.11872
LdN-1397,65.2476,54.868727
LdN-1398,64.74069,54.454267
LdN-1399,66.003105,55.11541
LdN-1400,66.25158,54.947639
LdN-1401,67.00728,55.210961
LdN-1402,65.996445,54.615425
LdN-1403,67.13238,55.193737
LdN-1404,67.50954,55.275394
LdN-1405,68.5122,55.2709
LdN-1406,69.5166,55.399701
LdN-1407,67.496115,54.275424
LdN-1408,68.00073,54.523174
LdN-1409,69.00888,54.935315
LdN-1410,69.00774,54.851986
LdN-1411,69.00213,54.435331
LdN-1412,69.252735,54.434198
LdN-1414,68.4879,53.437619
LdN-1415,70.505685,54.428509
LdN-1416,70.000095,54.097468
LdN-1417,70.24848,53.929666
LdN-1418,68.477535,52.604311
LdN-1419,72.765135,54.751481
LdN-1420,68.222925,52.272115
LdN-1421,68.21994,52.022122
LdN-1422,72.25503,54.087147
LdN-1423,71.243085,53.341775
LdN-1424,71.24202,53.258445
LdN-1425,71.49042,53.090633
LdN-1426,71.740935,53.089483
LdN-1427,70.98414,52.676273
LdN-1428,70.983105,52.592943
LdN-1429,71.97897,52.08836
LdN-1430,72.23007,52.137204
LdN-1431,71.97795,52.005031
LdN-1432,72.980865,52.083736
LdN-1433,72.72837,51.918232
LdN-1434,54.063165,37.664957
LdN-1435,72.72435,51.584909
LdN-1436,73.47771,51.748092
LdN-1437,74.8341,52.075116
LdN-1438,73.97658,51.579101
LdN-1439,75.23475,52.073241
LdN-1440,59.476095,41.476479
LdN-1441,60.027915,41.557513
LdN-1442,57.579375,38.984259
LdN-1443,60.09753,40.80721
LdN-1444,68.41617,46.937785
LdN-1445,68.037255,46.606149
LdN-1446,56.565315,37.155016
LdN-1447,60.84909,40.80405
LdN-1448,51.518715,30.674671
LdN-1449,58.32204,37.647869
LdN-1450,52.39875,31.337997
LdN-1451,51.51618,30.174677
LdN-1452,52.019625,30.672772
LdN-1453,44.01126,20.284743
LdN-1454,44.211195,20.200737
LdN-1455,52.01706,30.172777
LdN-1456,58.819755,37.145811
LdN-1457,43.958355,19.534917
LdN-1458,44.461515,20.199893
LdN-1459,62.093055,39.632082
LdN-1460,86.00019,52.355165
LdN-1461,70.476105,44.928411
LdN-1462,60.070995,36.973933
LdN-1463,60.32091,36.889552
LdN-1464,60.16923,36.673519
LdN-1465,73.16541,45.999401
LdN-1466,86.99844,52.183659
LdN-1467,87.24852,52.182446
LdN-1468,55.028805,31.411093
LdN-1469,60.770085,36.637658
LdN-1470,55.78236,31.824767
LdN-1471,56.99052,32.90325
LdN-1472,55.27785,31.160104
LdN-1473,62.8338,38.128885
LdN-1474,72.14619,44.087404
LdN-1475,75.91035,45.069899
LdN-1476,75.905685,44.569911
LdN-1477,75.901095,44.069922
LdN-1478,65.83173,37.115802
LdN-1479,69.605445,39.598944
LdN-1480,76.39713,43.567578
LdN-1481,69.845775,38.264498
LdN-1482,67.07328,35.610273
LdN-1483,68.83131,36.43573
LdN-1484,60.775125,29.137549
LdN-1485,69.326775,35.683478
LdN-1486,62.02674,29.132234
LdN-1487,69.822255,34.931218
LdN-1488,73.338615,36.698422
LdN-1489,61.18623,26.469117
LdN-1490,73.005915,35.666616
LdN-1491,61.160235,26.285891
LdN-1492,72.326175,35.086418
LdN-1493,73.581495,35.663945
LdN-1494,73.553325,35.214071
LdN-1495,64.52133,27.621437
LdN-1496,70.804755,32.093366
LdN-1497,66.7794,28.611491
LdN-1498,62.755065,24.962401
LdN-1499,62.629065,24.796273
LdN-1500,68.28582,29.438095
LdN-1501,63.756975,25.124739
LdN-1502,75.822525,34.070113
LdN-1503,70.090605,29.929931
LdN-1504,70.29078,29.929019
LdN-1505,72.04962,31.087636
LdN-1506,65.009085,25.285942
LdN-1507,70.79025,29.760067
LdN-1508,70.28577,29.095697
LdN-1509,83.550855,37.283318
LdN-1510,79.08012,34.80471
LdN-1511,65.006415,24.785948
LdN-1512,75.938955,32.786213
LdN-1513,73.04892,30.833013
LdN-1514,70.6611,29.093983
LdN-1515,73.29966,30.915186
LdN-1516,80.83293,35.046343
LdN-1517,73.797975,30.579531
LdN-1518,84.84945,37.027043
LdN-1519,73.923075,30.578949
LdN-1520,71.03247,28.425609
LdN-1521,68.266665,26.104807
LdN-1522,76.80987,32.065432
LdN-1523,76.55751,31.733284
LdN-1524,67.00734,24.610429
LdN-1525,85.49439,36.32391
LdN-1526,82.15494,34.523325
LdN-1527,69.768885,26.264681
LdN-1528,69.265665,25.766959
LdN-1529,68.007285,24.439287
LdN-1530,80.81898,33.046377
LdN-1531,68.006655,24.322622
LdN-1532,70.016265,25.76355
LdN-1533,69.06078,24.917878
LdN-1534,70.015335,25.596886
LdN-1535,68.880105,23.902014
LdN-1536,68.25033,23.104846
LdN-1537,72.772155,26.417571
LdN-1538,71.51367,25.090026
LdN-1539,74.02398,26.578425
LdN-1540,75.272355,26.155918
LdN-1541,71.000505,22.759019
LdN-1542,75.26898,25.572592
LdN-1543,66.85251,18.861058
LdN-1544,76.017495,25.235738
LdN-1545,78.827715,26.722458
LdN-1546,67.22568,18.442724
LdN-1547,79.025835,26.388178
LdN-1548,79.024845,26.221513
LdN-1549,79.27494,26.220321
LdN-1550,90.065655,32.168333
LdN-1551,67.84941,18.106594
LdN-1552,79.424025,26.052942
LdN-1553,79.775175,26.217935
LdN-1554,80.000265,26.21686
LdN-1555,90.313395,31.83379
LdN-1556,69.34446,16.933172
LdN-1557,91.55124,29.994413
LdN-1558,71.47134,17.09013
LdN-1559,81.50745,23.042934
LdN-1560,93.28836,27.985949
LdN-1561,72.698145,12.28442
LdN-1562,75.45783,14.071571
LdN-1563,75.456585,13.821574
LdN-1564,94.50981,23.229958
LdN-1565,95.260155,23.309659
LdN-1566,95.259195,23.142993
LdN-1567,95.63508,23.307844
LdN-1568,95.75814,22.97391
LdN-1569,60.263775,-0.360551
LdN-1570,91.7382,19.32669
LdN-1571,77.69106,10.560996
LdN-1572,77.69106,10.560996
LdN-1573,82.70691,13.537051
LdN-1574,91.933665,18.492395
LdN-1576,92.08185,18.158338
LdN-1577,82.451805,12.538267
LdN-1578,92.10597,17.991552
LdN-1579,84.95847,13.776186
LdN-1580,83.453625,12.866777
LdN-1581,82.350105,12.20542
LdN-1582,82.95186,12.535859
LdN-1583,82.19925,12.039476
LdN-1584,82.900605,12.286103
LdN-1585,85.206345,13.358315
LdN-1586,91.47036,15.994614
LdN-1587,91.97034,15.992186
LdN-1588,80.180835,8.382449
LdN-1589,79.5759,7.385328
LdN-1590,80.17596,7.382461
LdN-1591,92.4582,13.656455
LdN-1594,86.1846,9.020194
LdN-1595,81.92205,6.540747
LdN-1596,86.43462,9.018982
LdN-1597,87.558,8.680197
LdN-1598,88.10634,8.344197
LdN-1599,87.4272,7.514151
LdN-1600,97.704225,12.964385
LdN-1601,97.45131,12.382264
LdN-1602,86.16981,6.020231
LdN-1604,97.197555,11.633479
LdN-1605,98.192415,10.628673
LdN-1606,97.440435,10.215624
LdN-1607,97.69083,10.297751
LdN-1608,99.19311,10.79053
LdN-1609,99.066465,10.457801
LdN-1610,99.4914,10.455761
LdN-1611,90.16494,5.000826
LdN-1612,90.663285,4.665067
LdN-1613,100.18635,9.452419
LdN-1614,83.93694,9.531073
LdN-1615,76.435965,9.56692
LdN-1616,76.686015,9.56574
LdN-1617,88.655175,3.008138
LdN-1618,91.41165,4.328094
LdN-1619,91.160835,4.162644
LdN-1620,84.160815,4.196599
LdN-1621,88.751925,2.340993
LdN-1622,88.650315,2.00815
LdN-1623,91.907565,3.492342
LdN-1624,89.4003,2.004506
LdN-1625,96.91956,5.968087
LdN-1626,101.17887,7.947657
LdN-1627,86.640615,0.017881
LdN-1628,93.155115,2.986279
LdN-1629,92.4027,2.489926
LdN-1630,86.402745,2.519063
LdN-1631,101.04621,6.364939
LdN-1632,89.888145,-0.497892
LdN-1633,96.15744,3.47174
LdN-1634,79.65744,3.551564
LdN-1635,85.307595,3.524379
LdN-1636,85.38261,3.524016
LdN-1637,100.909575,3.948897
LdN-1638,89.41005,4.004482
LdN-1639,102.91182,4.439372
LdN-1640,83.412405,4.533548
LdN-1641,84.412425,4.52872
LdN-1642,68.82462,-14.231441
LdN-1643,91.569435,-14.339558
LdN-1644,91.869435,-14.341015
LdN-1645,91.69443,-14.340165
LdN-1646,91.819425,-14.340772
LdN-1647,85.59171,-9.97715
LdN-1648,88.091535,-9.989275
LdN-1649,104.49282,-10.068265
LdN-1650,104.842875,-10.069913
LdN-1651,95.59161,-10.025681
LdN-1652,96.59169,-10.030516
LdN-1653,104.442795,-10.06803
LdN-1654,104.842875,-10.069913
LdN-1655,104.142735,-10.066615
LdN-1656,104.117745,-10.066497
LdN-1657,106.091535,-10.409105
LdN-1658,108.588975,-11.08738
LdN-1659,109.402305,-23.341269
LdN-1660,110.024565,-23.927461
LdN-1661,110.524005,-24.096409
LdN-1662,112.02786,-23.603222
LdN-1663,113.0313,-23.107727
LdN-1664,111.02166,-24.598679
LdN-1665,113.77926,-23.611074
LdN-1666,114.02682,-24.112182
LdN-1667,111.26538,-25.766466
LdN-1668,114.2478,-24.896506
LdN-1669,119.00208,-29.633916
LdN-1670,121.118715,-31.64286
LdN-1671,121.491405,-32.144416
LdN-1672,245.27511,-28.118178
LdN-1673,247.53525,-29.441501
LdN-1674,247.456245,-28.775177
LdN-1675,244.51326,-26.121492
LdN-1676,245.263995,-26.1182
LdN-1677,253.30731,-32.081867
LdN-1678,244.004745,-24.623691
LdN-1679,255.68976,-32.904083
LdN-1680,245.25327,-24.118222
LdN-1681,246.75819,-24.778238
LdN-1682,257.060475,-32.097611
LdN-1683,247.26042,-25.109337
LdN-1684,247.76271,-25.440427
LdN-1685,257.31096,-32.146426
LdN-1686,246.45549,-24.329579
LdN-1687,245.751105,-23.616022
LdN-1688,246.50439,-24.112692
LdN-1689,248.011005,-25.089308
LdN-1690,246.70422,-24.045135
LdN-1691,258.81471,-32.555964
LdN-1692,246.628605,-23.945472
LdN-1693,258.31215,-32.225016
LdN-1694,257.5584,-31.728582
LdN-1695,255.79968,-30.570197
LdN-1696,247.20615,-24.326236
LdN-1697,258.31161,-32.141682
LdN-1698,258.81249,-32.222637
LdN-1699,258.887295,-32.188948
LdN-1700,258.057615,-31.559546
LdN-1701,259.06185,-32.104779
LdN-1702,259.05987,-31.804785
LdN-1703,259.6872,-32.101797
LdN-1704,247.70361,-23.774002
LdN-1705,260.06262,-32.133337
LdN-1706,258.053295,-30.89289
LdN-1707,258.303975,-30.975033
LdN-1708,257.54979,-30.395269
LdN-1709,248.254065,-23.77153
LdN-1710,260.18646,-31.94941
LdN-1711,257.798865,-30.227418
LdN-1712,249.508665,-24.432537
LdN-1713,257.798655,-30.194086
LdN-1714,258.04956,-30.309564
LdN-1715,258.04902,-30.226232
LdN-1716,257.545575,-29.728611
LdN-1717,244.732395,-20.120459
LdN-1718,258.799575,-30.239331
LdN-1719,244.98258,-20.119362
LdN-1720,259.049595,-30.221474
LdN-1721,243.97692,-19.123746
LdN-1722,259.04853,-30.05481
LdN-1723,262.81446,-32.203469
LdN-1724,262.939605,-32.219532
LdN-1725,259.801035,-30.384561
LdN-1726,258.042735,-29.226246
LdN-1727,258.042735,-29.226246
LdN-1728,257.791335,-29.027436
LdN-1729,250.75776,-24.093505
LdN-1730,263.314635,-32.201058
LdN-1731,256.534665,-28.066698
LdN-1732,262.309785,-31.539219
LdN-1733,258.116445,-29.009228
LdN-1734,263.112345,-31.868694
LdN-1735,263.03631,-31.719056
LdN-1736,257.53731,-28.395298
LdN-1737,257.787945,-28.477443
LdN-1738,263.236395,-31.718092
LdN-1739,248.745135,-22.019294
LdN-1740,249.04641,-22.217936
LdN-1741,260.54931,-30.047643
LdN-1742,258.037575,-28.392926
LdN-1743,258.035535,-28.059596
LdN-1744,249.997335,-22.263618
LdN-1745,252.257865,-23.919941
LdN-1746,257.78136,-27.394126
LdN-1747,252.757725,-23.834295
LdN-1748,252.25512,-23.419947
LdN-1749,260.793075,-29.04646
LdN-1750,253.008375,-23.916469
LdN-1751,262.80021,-30.036834
LdN-1752,247.481865,-19.608277
LdN-1753,268.571505,-33.008946
LdN-1754,263.050305,-30.035629
LdN-1755,250.9962,-21.925719
LdN-1756,259.032015,-27.388182
LdN-1757,247.98219,-19.606034
LdN-1758,268.819245,-32.674405
LdN-1759,253.028775,-23.083029
LdN-1760,270.071595,-33.001657
LdN-1761,254.007105,-23.578487
LdN-1762,270.57273,-33.165893
LdN-1763,254.00619,-23.411823
LdN-1764,262.04043,-28.540466
LdN-1765,251.24286,-21.257911
LdN-1766,269.56698,-32.33743
LdN-1767,259.65348,-26.751876
LdN-1768,260.02935,-26.86675
LdN-1769,265.551,-30.023547
LdN-1770,248.22729,-18.60492
LdN-1771,271.069245,-32.663471
LdN-1772,259.952925,-26.633777
LdN-1773,260.27904,-26.798887
LdN-1774,260.655525,-27.013755
LdN-1775,254.25312,-22.82733
LdN-1776,263.290875,-28.534446
LdN-1777,254.252655,-22.743997
LdN-1778,235.03596,-22.827694
LdN-1779,254.753835,-22.908325
LdN-1780,235.236975,-22.993567
LdN-1781,246.96912,-17.110538
LdN-1782,250.484565,-19.761364
LdN-1783,269.56137,-31.504111
LdN-1784,254.953965,-22.907388
LdN-1785,255.004005,-22.907154
LdN-1786,271.66728,-32.377227
LdN-1787,255.003075,-22.740488
LdN-1788,268.305795,-30.676863
LdN-1789,272.06805,-32.491947
LdN-1790,257.76474,-24.560829
LdN-1791,254.902185,-22.590958
LdN-1793,261.40299,-26.543498
LdN-1794,261.603645,-26.642536
LdN-1795,268.67973,-30.508378
LdN-1796,250.48113,-19.094705
LdN-1797,255.50241,-22.571477
LdN-1798,271.06134,-31.496822
LdN-1799,251.734845,-19.672297
LdN-1800,255.37551,-22.238735
LdN-1801,267.54813,-29.513857
LdN-1802,255.57552,-22.221129
